-- phpMyAdmin SQL Dump
-- version 4.9.2
-- https://www.phpmyadmin.net/
--
-- Host: localhost
-- Waktu pembuatan: 08 Jun 2020 pada 05.50
-- Versi server: 10.4.11-MariaDB
-- Versi PHP: 7.3.13

SET SQL_MODE = "NO_AUTO_VALUE_ON_ZERO";
SET AUTOCOMMIT = 0;
START TRANSACTION;
SET time_zone = "+00:00";


/*!40101 SET @OLD_CHARACTER_SET_CLIENT=@@CHARACTER_SET_CLIENT */;
/*!40101 SET @OLD_CHARACTER_SET_RESULTS=@@CHARACTER_SET_RESULTS */;
/*!40101 SET @OLD_COLLATION_CONNECTION=@@COLLATION_CONNECTION */;
/*!40101 SET NAMES utf8mb4 */;

--
-- Database: `ayo_hijrah`
--

-- --------------------------------------------------------

--
-- Struktur dari tabel `diskon`
--

CREATE TABLE `diskon` (
  `id` int(11) NOT NULL,
  `tgl` date NOT NULL,
  `dc` int(11) NOT NULL
) ENGINE=InnoDB DEFAULT CHARSET=latin1;

-- --------------------------------------------------------

--
-- Struktur dari tabel `kategori`
--

CREATE TABLE `kategori` (
  `idkat` varchar(20) NOT NULL,
  `nmkat` varchar(100) NOT NULL,
  `persen` decimal(10,0) NOT NULL
) ENGINE=InnoDB DEFAULT CHARSET=latin1;

-- --------------------------------------------------------

--
-- Struktur dari tabel `tbl_admin`
--

CREATE TABLE `tbl_admin` (
  `kd_admin` int(11) NOT NULL,
  `nama_admin` varchar(50) NOT NULL,
  `level` varchar(15) NOT NULL,
  `username` varchar(30) NOT NULL,
  `password` varchar(50) NOT NULL
) ENGINE=InnoDB DEFAULT CHARSET=latin1;

--
-- Dumping data untuk tabel `tbl_admin`
--

INSERT INTO `tbl_admin` (`kd_admin`, `nama_admin`, `level`, `username`, `password`) VALUES
(2, 'admin', 'admin', 'admin', '21232f297a57a5a743894a0e4a801fc3'),
(15, 'Owner', 'admin', 'Owner', 'f2db3cdc51e8fa2b66a3c3beb6b9cfa9'),
(17, 'karyawan', 'user', 'siska', '4600bb8b66b6a2af771fbb0566732196');

-- --------------------------------------------------------

--
-- Struktur dari tabel `tbl_alamat`
--

CREATE TABLE `tbl_alamat` (
  `id_alamat` int(11) NOT NULL,
  `id_customer` int(11) NOT NULL,
  `namaal` varchar(50) NOT NULL,
  `id_prov` int(11) NOT NULL,
  `id_kota` int(11) NOT NULL,
  `kodepos` varchar(10) NOT NULL,
  `alamat` text NOT NULL
) ENGINE=InnoDB DEFAULT CHARSET=latin1;

--
-- Dumping data untuk tabel `tbl_alamat`
--

INSERT INTO `tbl_alamat` (`id_alamat`, `id_customer`, `namaal`, `id_prov`, `id_kota`, `kodepos`, `alamat`) VALUES
(26, 18, 'Ahmad Fajri', 11, 20, '12121', 'Komp Nuansa Indah Blok F 15 Gadut'),
(32, 22, 'ramadani', 13, 68, '26368', 'Komplek PTP N VI OPhir');

-- --------------------------------------------------------

--
-- Struktur dari tabel `tbl_bank`
--

CREATE TABLE `tbl_bank` (
  `id_bank` int(11) NOT NULL,
  `nm_bank` varchar(50) NOT NULL,
  `no_rek` varchar(50) NOT NULL,
  `atas_nama` varchar(50) NOT NULL
) ENGINE=InnoDB DEFAULT CHARSET=latin1;

--
-- Dumping data untuk tabel `tbl_bank`
--

INSERT INTO `tbl_bank` (`id_bank`, `nm_bank`, `no_rek`, `atas_nama`) VALUES
(1, 'MANDIRI', '111-002-333-444-0', 'Rafika Sary'),
(2, 'BNI', '0585-811955', 'Rafika Sary'),
(3, 'BCA', '032.221.587.6', 'Rafika Sary');

-- --------------------------------------------------------

--
-- Struktur dari tabel `tbl_customer`
--

CREATE TABLE `tbl_customer` (
  `id_customer` int(11) NOT NULL,
  `email` varchar(50) NOT NULL,
  `password` varchar(50) NOT NULL,
  `nama_lengkap` varchar(50) NOT NULL,
  `nohp` varchar(15) NOT NULL,
  `tgl_daftar` date NOT NULL,
  `fotoregis` varchar(225) NOT NULL DEFAULT 'default.jpg',
  `nama_toko` varchar(225) DEFAULT NULL,
  `alamat` varchar(225) DEFAULT NULL,
  `jenis_toko` varchar(191) DEFAULT NULL
) ENGINE=InnoDB DEFAULT CHARSET=latin1;

--
-- Dumping data untuk tabel `tbl_customer`
--

INSERT INTO `tbl_customer` (`id_customer`, `email`, `password`, `nama_lengkap`, `nohp`, `tgl_daftar`, `fotoregis`, `nama_toko`, `alamat`, `jenis_toko`) VALUES
(1, 'gemafajar09@gmail.com', 'fajar123', 'gema fajar', '082122855458', '2020-06-04', 'default.jpg', 'padang', 'padang', 'Grosir');

-- --------------------------------------------------------

--
-- Struktur dari tabel `tbl_data`
--

CREATE TABLE `tbl_data` (
  `id_data` int(11) NOT NULL,
  `kategori` varchar(100) NOT NULL,
  `isi` text NOT NULL
) ENGINE=InnoDB DEFAULT CHARSET=latin1;

-- --------------------------------------------------------

--
-- Struktur dari tabel `tbl_faq`
--

CREATE TABLE `tbl_faq` (
  `id_faq` int(10) NOT NULL,
  `judul_faq` varchar(50) NOT NULL,
  `isi_faq` text NOT NULL,
  `judul_seo` varchar(50) NOT NULL
) ENGINE=InnoDB DEFAULT CHARSET=latin1;

-- --------------------------------------------------------

--
-- Struktur dari tabel `tbl_garansi`
--

CREATE TABLE `tbl_garansi` (
  `id_garansi` int(10) NOT NULL,
  `judul_garansi` varchar(50) NOT NULL,
  `isi_tex` text NOT NULL,
  `seo_garansi` varchar(50) NOT NULL
) ENGINE=InnoDB DEFAULT CHARSET=latin1;

-- --------------------------------------------------------

--
-- Struktur dari tabel `tbl_kategori`
--

CREATE TABLE `tbl_kategori` (
  `id_kategori` int(5) NOT NULL,
  `nama_kategori` varchar(50) NOT NULL,
  `seo_kategori` varchar(50) NOT NULL
) ENGINE=InnoDB DEFAULT CHARSET=latin1;

--
-- Dumping data untuk tabel `tbl_kategori`
--

INSERT INTO `tbl_kategori` (`id_kategori`, `nama_kategori`, `seo_kategori`) VALUES
(8, 'Baju Gamis', 'baju-gamis'),
(9, 'Topi', 'topi'),
(10, 'Celana', 'celana');

-- --------------------------------------------------------

--
-- Struktur dari tabel `tbl_keranjang`
--

CREATE TABLE `tbl_keranjang` (
  `id_keranjang` int(11) NOT NULL,
  `id_produk` int(11) NOT NULL,
  `id_customer` int(11) NOT NULL,
  `jml` int(11) NOT NULL
) ENGINE=InnoDB DEFAULT CHARSET=latin1;

--
-- Dumping data untuk tabel `tbl_keranjang`
--

INSERT INTO `tbl_keranjang` (`id_keranjang`, `id_produk`, `id_customer`, `jml`) VALUES
(5, 81, 1, 12);

-- --------------------------------------------------------

--
-- Struktur dari tabel `tbl_konfirmasi_bayar`
--

CREATE TABLE `tbl_konfirmasi_bayar` (
  `id_konfirmasi` int(11) NOT NULL,
  `id_order` varchar(20) NOT NULL,
  `total_bayars` int(11) NOT NULL,
  `bukti` text NOT NULL,
  `tgl_bayar` datetime NOT NULL
) ENGINE=InnoDB DEFAULT CHARSET=latin1;

-- --------------------------------------------------------

--
-- Struktur dari tabel `tbl_kontak`
--

CREATE TABLE `tbl_kontak` (
  `id_kontak` int(10) NOT NULL,
  `nama` varchar(50) NOT NULL,
  `subjek` varchar(50) NOT NULL,
  `pesan` text NOT NULL,
  `tgl_kontak` datetime NOT NULL
) ENGINE=InnoDB DEFAULT CHARSET=latin1;

--
-- Dumping data untuk tabel `tbl_kontak`
--

INSERT INTO `tbl_kontak` (`id_kontak`, `nama`, `subjek`, `pesan`, `tgl_kontak`) VALUES
(1, '', '', 'awdasd', '2018-05-31 10:51:35'),
(2, 'asdw', 'adas', 'asdawd', '2018-05-31 10:52:15'),
(3, 'deltri tumbin', 'adada', 'lokasi nya dimanaaa? saga ga', '2018-06-22 09:31:12'),
(4, 'GrantFoushIG', 'Mp3 Scene Music for DJs', 'Hello, \r\nDownload Mp3 Scene Music Private FTP \r\nDance/House/Techno/Trance/Electro \r\n \r\nhttps://0daymusic.org \r\n \r\nPrivate FTP MP3/FLAC 1990-2018: \r\n \r\nPlan A: 20€ – 200GB – 30 Days \r\nPlan B: 45€ – 600GB – 90 Days \r\nPlan C: 80€ – 1500GB – 180 Days \r\n \r\nUpdated: 2018-07-03 FTP list txt \r\n \r\nBest regards, \r\nMark', '2018-08-10 03:04:30'),
(5, 'Azarul akhlal', 'sumbar smartphone', 'bg orderan sy kpn krimnya? udh 4 hari ko blum ad infonya', '2018-09-10 20:57:11'),
(6, 'Irwansyah', 'Status Pesanan', 'Dimana saya bisa mengecek status pesanan saya.?', '2018-09-17 09:42:43'),
(7, 'Hadi', 'Xiaomi A2 6/128 GB', 'Apakah Xiaomi A2 6/128GB tersedia? Apabila ada, berapa harganya?', '2018-09-17 10:51:55'),
(8, 'brista yulia', 'order', 'barang sudah di keep di keranjang,pas mau bayar, semua data sudah diisi, cuma pilihan check outnya ga ada gan', '2018-09-26 03:25:30'),
(9, 'VANDELIA NANDA', 'Sumbarsmartphone', 'Cara nyicil bulanan gimana gan?saya udah coba berkali2,tp pesanan dibatalkan.', '2018-10-05 18:55:55'),
(10, 'Tri septika sari', 'Bertanya', 'Dari padang ke solok kok mahal ongkir nya kak', '2020-03-04 10:03:52'),
(11, 'Reni heryanti ', 'Pemesanan ', 'Cara pemesanan baju yg lain bagaimana ya sist.. Mohon bantuannya... Terimakasih ', '2020-03-04 15:42:21'),
(12, 'Lidya makmur', 'Ongkir', 'Kak mau ty kok ongkir ke sijunjung melalui tiki,jne,jnt mahal 85 ribu ya?? Atau kita salah cara pengambilannya??', '2020-03-04 16:17:48'),
(13, 'Elvira yanti', 'Order', 'Kapan new Rafika bisa diorder sist?', '2020-03-16 09:47:34'),
(14, 'Yulia wati', 'Jumsuit', 'Omera jumsuit grey L', '2020-03-16 22:12:20'),
(15, 'Nelly', 'Sudah transfer tp belum konfirmasi pembayaran', 'Saya sudah transfer , tp nggak tau menu konfirmasi pembayarannya dimana.\r\n', '2020-03-26 15:26:50'),
(16, 'ThomasBruncSC', 'Mailing via the feedback form.', 'Hello!  rafikastores.com \r\n \r\nDid you know that it is possible to send appeal wholly legally? \r\nWe put a new unique way of sending appeal through contact forms. Such forms are located on many sites. \r\nWhen such business proposals are sent, no personal data is used, and messages are sent to forms specifically designed to receive messages and appeals. \r\nAlso, messages sent through feedback Forms do not get into spam because such messages are considered important. \r\nWe offer you to test our service for free. We will send up to 50,000 messages for you. \r\nThe cost of sending one million messages is 49 USD. \r\n \r\nThis letter is created automatically. Please use the contact details below to contact us. \r\n \r\nContact us. \r\nTelegram - @FeedbackFormEU \r\nSkype  live:feedbackform2019 \r\nEmail - feedbackform@make-success.com', '2020-04-10 20:35:24'),
(17, 'Sylvia Oktari', 'Pengiriman', 'Kenapa bajunya belum dikirim2?', '2020-04-15 01:11:25'),
(18, 'Yuana ristanti', 'Aisyah dress', 'Ga adil ini kak. Aisyah dress sblm jam 10 udah sold out smua', '2020-04-27 10:07:47'),
(19, 'Athin dwi putri', 'Tukar warna', 'Kak, pesanan saya yg warna brown bisa tukar warna cream nggak?', '2020-04-30 11:07:13'),
(20, 'Siti nur khodijah', 'Baju', 'Kak baju saya sudah dikirim kah?', '2020-05-01 08:56:59'),
(21, 'DaveWillis', 'PPE products:  Masks and Gloves Available', 'Hello, \r\n \r\nWe have available the following, with low minimum order requirements - if you or anyone you know is in need: \r\n \r\n-3ply Disposable Masks \r\n-KN95 masks and N95 masks with FDA, CE certificate \r\n-Gloves, Gowns \r\n-Sanitizing Wipes, Hand Sanitizer \r\n-Face Shields \r\n-Orla and No Touch Thermometers \r\n \r\n \r\nDetails: \r\nWe are based in the US \r\nAll products are produced in China \r\nWe are shipping out every day. \r\nMinimum order size varies by product \r\nWe can prepare container loads and ship via AIR or SEA. \r\n \r\nPlease reply back with the product you need , the quantity needed, and the best contact phone number to call you \r\ndavewillis2008@gmail.com \r\n \r\nThank you \r\n \r\nDave Willis \r\nProduct Specialist', '2020-05-08 13:32:14'),
(22, 'TommymepYU', 'Get Real Likes and followers', 'Looking for Facebook likes or Instagram followers? \r\nWe can help you. Please visit https://1000-likes.com/ to place your order.', '2020-05-16 00:18:27'),
(23, 'MikeboypeXI', 'cheap monthly SEO plans', 'hi there \r\nI have just checked rafikastores.com for the ranking keywords and seen that your SEO metrics could use a boost. \r\n \r\nWe will improve your SEO metrics and ranks organically and safely, using only whitehat methods, while providing monthly reports and outstanding support. \r\n \r\nPlease check our pricelist here, we offer SEO at cheap rates. \r\nhttps://www.hilkom-digital.de/cheap-seo-packages/ \r\n \r\nStart increasing your sales and leads with us, today! \r\n \r\nregards \r\nHilkom Digital Team \r\nsupport@hilkom-digital.de', '2020-05-17 05:12:38'),
(24, 'MikeboypeXI', 'cheap monthly SEO plans', 'hi there \r\nI have just checked rafikastores.com for the ranking keywords and seen that your SEO metrics could use a boost. \r\n \r\nWe will improve your SEO metrics and ranks organically and safely, using only whitehat methods, while providing monthly reports and outstanding support. \r\n \r\nPlease check our pricelist here, we offer SEO at cheap rates. \r\nhttps://www.hilkom-digital.de/cheap-seo-packages/ \r\n \r\nStart increasing your sales and leads with us, today! \r\n \r\nregards \r\nHilkom Digital Team \r\nsupport@hilkom-digital.de', '2020-05-19 06:10:25'),
(25, 'SteveFrench', 'Start Using LinkedIn For Business Growth', 'Impressive site. No doubt your clients appreciate your services and the time invested in your digital presence. I did however notice your business does not have a very strong LinkedIn presence. \r\n \r\nAs you know, LinkedIn is the number one business social network and the best tool for networking and business growth. \r\n \r\nMy company Drivetheleads.com uses LinkedIn networking exclusively for growth hacking on behalf of clients. The targeting is simply amazing. \r\n \r\nCan we schedule a quick demo or I can shoot you over an explainer video that reviews how my team can easily help expand your client base in a super affordable way? \r\n \r\nThanks. \r\nSteve French \r\ns.french@drivetheleads.com \r\nhttp://www.drivetheleads.com', '2020-05-28 19:55:27');

-- --------------------------------------------------------

--
-- Struktur dari tabel `tbl_kota`
--

CREATE TABLE `tbl_kota` (
  `id_kota` int(11) NOT NULL,
  `id_prov` int(11) NOT NULL,
  `nama_kota` varchar(50) NOT NULL
) ENGINE=InnoDB DEFAULT CHARSET=latin1 ROW_FORMAT=COMPACT;

--
-- Dumping data untuk tabel `tbl_kota`
--

INSERT INTO `tbl_kota` (`id_kota`, `id_prov`, `nama_kota`) VALUES
(1, 21, 'Aceh Barat'),
(2, 21, 'Aceh Barat Daya'),
(3, 21, 'Aceh Besar'),
(4, 21, 'Aceh Jaya'),
(5, 21, 'Aceh Selatan'),
(6, 21, 'Aceh Singkil'),
(7, 21, 'Aceh Tamiang'),
(8, 21, 'Aceh Tengah'),
(9, 21, 'Aceh Tenggara'),
(10, 21, 'Aceh Timur'),
(11, 21, 'Aceh Utara'),
(12, 32, 'Agam'),
(13, 23, 'Alor'),
(14, 19, 'Ambon'),
(15, 34, 'Asahan'),
(16, 24, 'Asmat'),
(17, 1, 'Badung'),
(18, 13, 'Balangan'),
(19, 15, 'Balikpapan'),
(20, 21, 'Banda Aceh'),
(21, 18, 'Bandar Lampung'),
(22, 9, 'Bandung'),
(23, 9, 'Bandung'),
(24, 9, 'Bandung Barat'),
(25, 29, 'Banggai'),
(26, 29, 'Banggai Kepulauan'),
(27, 2, 'Bangka'),
(28, 2, 'Bangka Barat'),
(29, 2, 'Bangka Selatan'),
(30, 2, 'Bangka Tengah'),
(31, 11, 'Bangkalan'),
(32, 1, 'Bangli'),
(33, 13, 'Banjar'),
(34, 9, 'Banjar'),
(35, 13, 'Banjarbaru'),
(36, 13, 'Banjarmasin'),
(37, 10, 'Banjarnegara'),
(38, 28, 'Bantaeng'),
(39, 5, 'Bantul'),
(40, 33, 'Banyuasin'),
(41, 10, 'Banyumas'),
(42, 11, 'Banyuwangi'),
(43, 13, 'Barito Kuala'),
(44, 14, 'Barito Selatan'),
(45, 14, 'Barito Timur'),
(46, 14, 'Barito Utara'),
(47, 28, 'Barru'),
(48, 17, 'Batam'),
(49, 10, 'Batang'),
(50, 8, 'Batang Hari'),
(51, 11, 'Batu'),
(52, 34, 'Batu Bara'),
(53, 30, 'Bau-Bau'),
(54, 9, 'Bekasi'),
(55, 9, 'Bekasi'),
(56, 2, 'Belitung'),
(57, 2, 'Belitung Timur'),
(58, 23, 'Belu'),
(59, 21, 'Bener Meriah'),
(60, 26, 'Bengkalis'),
(61, 12, 'Bengkayang'),
(62, 4, 'Bengkulu'),
(63, 4, 'Bengkulu Selatan'),
(64, 4, 'Bengkulu Tengah'),
(65, 4, 'Bengkulu Utara'),
(66, 15, 'Berau'),
(67, 24, 'Biak Numfor'),
(68, 22, 'Bima'),
(69, 22, 'Bima'),
(70, 34, 'Binjai'),
(71, 17, 'Bintan'),
(72, 21, 'Bireuen'),
(73, 31, 'Bitung'),
(74, 11, 'Blitar'),
(75, 11, 'Blitar'),
(76, 10, 'Blora'),
(77, 7, 'Boalemo'),
(78, 9, 'Bogor'),
(79, 9, 'Bogor'),
(80, 11, 'Bojonegoro'),
(81, 31, 'Bolaang Mongondow (Bolmong)'),
(82, 31, 'Bolaang Mongondow Selatan'),
(83, 31, 'Bolaang Mongondow Timur'),
(84, 31, 'Bolaang Mongondow Utara'),
(85, 30, 'Bombana'),
(86, 11, 'Bondowoso'),
(87, 28, 'Bone'),
(88, 7, 'Bone Bolango'),
(89, 15, 'Bontang'),
(90, 24, 'Boven Digoel'),
(91, 10, 'Boyolali'),
(92, 10, 'Brebes'),
(93, 32, 'Bukittinggi'),
(94, 1, 'Buleleng'),
(95, 28, 'Bulukumba'),
(96, 16, 'Bulungan (Bulongan)'),
(97, 8, 'Bungo'),
(98, 29, 'Buol'),
(99, 19, 'Buru'),
(100, 19, 'Buru Selatan'),
(101, 30, 'Buton'),
(102, 30, 'Buton Utara'),
(103, 9, 'Ciamis'),
(104, 9, 'Cianjur'),
(105, 10, 'Cilacap'),
(106, 3, 'Cilegon'),
(107, 9, 'Cimahi'),
(108, 9, 'Cirebon'),
(109, 9, 'Cirebon'),
(110, 34, 'Dairi'),
(111, 24, 'Deiyai (Deliyai)'),
(112, 34, 'Deli Serdang'),
(113, 10, 'Demak'),
(114, 1, 'Denpasar'),
(115, 9, 'Depok'),
(116, 32, 'Dharmasraya'),
(117, 24, 'Dogiyai'),
(118, 22, 'Dompu'),
(119, 29, 'Donggala'),
(120, 26, 'Dumai'),
(121, 33, 'Empat Lawang'),
(122, 23, 'Ende'),
(123, 28, 'Enrekang'),
(124, 25, 'Fakfak'),
(125, 23, 'Flores Timur'),
(126, 9, 'Garut'),
(127, 21, 'Gayo Lues'),
(128, 1, 'Gianyar'),
(129, 7, 'Gorontalo'),
(130, 7, 'Gorontalo'),
(131, 7, 'Gorontalo Utara'),
(132, 28, 'Gowa'),
(133, 11, 'Gresik'),
(134, 10, 'Grobogan'),
(135, 5, 'Gunung Kidul'),
(136, 14, 'Gunung Mas'),
(137, 34, 'Gunungsitoli'),
(138, 20, 'Halmahera Barat'),
(139, 20, 'Halmahera Selatan'),
(140, 20, 'Halmahera Tengah'),
(141, 20, 'Halmahera Timur'),
(142, 20, 'Halmahera Utara'),
(143, 13, 'Hulu Sungai Selatan'),
(144, 13, 'Hulu Sungai Tengah'),
(145, 13, 'Hulu Sungai Utara'),
(146, 34, 'Humbang Hasundutan'),
(147, 26, 'Indragiri Hilir'),
(148, 26, 'Indragiri Hulu'),
(149, 9, 'Indramayu'),
(150, 24, 'Intan Jaya'),
(151, 6, 'Jakarta Barat'),
(152, 6, 'Jakarta Pusat'),
(153, 6, 'Jakarta Selatan'),
(154, 6, 'Jakarta Timur'),
(155, 6, 'Jakarta Utara'),
(156, 8, 'Jambi'),
(157, 24, 'Jayapura'),
(158, 24, 'Jayapura'),
(159, 24, 'Jayawijaya'),
(160, 11, 'Jember'),
(161, 1, 'Jembrana'),
(162, 28, 'Jeneponto'),
(163, 10, 'Jepara'),
(164, 11, 'Jombang'),
(165, 25, 'Kaimana'),
(166, 26, 'Kampar'),
(167, 14, 'Kapuas'),
(168, 12, 'Kapuas Hulu'),
(169, 10, 'Karanganyar'),
(170, 1, 'Karangasem'),
(171, 9, 'Karawang'),
(172, 17, 'Karimun'),
(173, 34, 'Karo'),
(174, 14, 'Katingan'),
(175, 4, 'Kaur'),
(176, 12, 'Kayong Utara'),
(177, 10, 'Kebumen'),
(178, 11, 'Kediri'),
(179, 11, 'Kediri'),
(180, 24, 'Keerom'),
(181, 10, 'Kendal'),
(182, 30, 'Kendari'),
(183, 4, 'Kepahiang'),
(184, 17, 'Kepulauan Anambas'),
(185, 19, 'Kepulauan Aru'),
(186, 32, 'Kepulauan Mentawai'),
(187, 26, 'Kepulauan Meranti'),
(188, 31, 'Kepulauan Sangihe'),
(189, 6, 'Kepulauan Seribu'),
(190, 31, 'Kepulauan Siau Tagulandang Biaro (Sitaro)'),
(191, 20, 'Kepulauan Sula'),
(192, 31, 'Kepulauan Talaud'),
(193, 24, 'Kepulauan Yapen (Yapen Waropen)'),
(194, 8, 'Kerinci'),
(195, 12, 'Ketapang'),
(196, 10, 'Klaten'),
(197, 1, 'Klungkung'),
(198, 30, 'Kolaka'),
(199, 30, 'Kolaka Utara'),
(200, 30, 'Konawe'),
(201, 30, 'Konawe Selatan'),
(202, 30, 'Konawe Utara'),
(203, 13, 'Kotabaru'),
(204, 31, 'Kotamobagu'),
(205, 14, 'Kotawaringin Barat'),
(206, 14, 'Kotawaringin Timur'),
(207, 26, 'Kuantan Singingi'),
(208, 12, 'Kubu Raya'),
(209, 10, 'Kudus'),
(210, 5, 'Kulon Progo'),
(211, 9, 'Kuningan'),
(212, 23, 'Kupang'),
(213, 23, 'Kupang'),
(214, 15, 'Kutai Barat'),
(215, 15, 'Kutai Kartanegara'),
(216, 15, 'Kutai Timur'),
(217, 34, 'Labuhan Batu'),
(218, 34, 'Labuhan Batu Selatan'),
(219, 34, 'Labuhan Batu Utara'),
(220, 33, 'Lahat'),
(221, 14, 'Lamandau'),
(222, 11, 'Lamongan'),
(223, 18, 'Lampung Barat'),
(224, 18, 'Lampung Selatan'),
(225, 18, 'Lampung Tengah'),
(226, 18, 'Lampung Timur'),
(227, 18, 'Lampung Utara'),
(228, 12, 'Landak'),
(229, 34, 'Langkat'),
(230, 21, 'Langsa'),
(231, 24, 'Lanny Jaya'),
(232, 3, 'Lebak'),
(233, 4, 'Lebong'),
(234, 23, 'Lembata'),
(235, 21, 'Lhokseumawe'),
(236, 32, 'Lima Puluh Koto/Kota'),
(237, 17, 'Lingga'),
(238, 22, 'Lombok Barat'),
(239, 22, 'Lombok Tengah'),
(240, 22, 'Lombok Timur'),
(241, 22, 'Lombok Utara'),
(242, 33, 'Lubuk Linggau'),
(243, 11, 'Lumajang'),
(244, 28, 'Luwu'),
(245, 28, 'Luwu Timur'),
(246, 28, 'Luwu Utara'),
(247, 11, 'Madiun'),
(248, 11, 'Madiun'),
(249, 10, 'Magelang'),
(250, 10, 'Magelang'),
(251, 11, 'Magetan'),
(252, 9, 'Majalengka'),
(253, 27, 'Majene'),
(254, 28, 'Makassar'),
(255, 11, 'Malang'),
(256, 11, 'Malang'),
(257, 16, 'Malinau'),
(258, 19, 'Maluku Barat Daya'),
(259, 19, 'Maluku Tengah'),
(260, 19, 'Maluku Tenggara'),
(261, 19, 'Maluku Tenggara Barat'),
(262, 27, 'Mamasa'),
(263, 24, 'Mamberamo Raya'),
(264, 24, 'Mamberamo Tengah'),
(265, 27, 'Mamuju'),
(266, 27, 'Mamuju Utara'),
(267, 31, 'Manado'),
(268, 34, 'Mandailing Natal'),
(269, 23, 'Manggarai'),
(270, 23, 'Manggarai Barat'),
(271, 23, 'Manggarai Timur'),
(272, 25, 'Manokwari'),
(273, 25, 'Manokwari Selatan'),
(274, 24, 'Mappi'),
(275, 28, 'Maros'),
(276, 22, 'Mataram'),
(277, 25, 'Maybrat'),
(278, 34, 'Medan'),
(279, 12, 'Melawi'),
(280, 8, 'Merangin'),
(281, 24, 'Merauke'),
(282, 18, 'Mesuji'),
(283, 18, 'Metro'),
(284, 24, 'Mimika'),
(285, 31, 'Minahasa'),
(286, 31, 'Minahasa Selatan'),
(287, 31, 'Minahasa Tenggara'),
(288, 31, 'Minahasa Utara'),
(289, 11, 'Mojokerto'),
(290, 11, 'Mojokerto'),
(291, 29, 'Morowali'),
(292, 33, 'Muara Enim'),
(293, 8, 'Muaro Jambi'),
(294, 4, 'Muko Muko'),
(295, 30, 'Muna'),
(296, 14, 'Murung Raya'),
(297, 33, 'Musi Banyuasin'),
(298, 33, 'Musi Rawas'),
(299, 24, 'Nabire'),
(300, 21, 'Nagan Raya'),
(301, 23, 'Nagekeo'),
(302, 17, 'Natuna'),
(303, 24, 'Nduga'),
(304, 23, 'Ngada'),
(305, 11, 'Nganjuk'),
(306, 11, 'Ngawi'),
(307, 34, 'Nias'),
(308, 34, 'Nias Barat'),
(309, 34, 'Nias Selatan'),
(310, 34, 'Nias Utara'),
(311, 16, 'Nunukan'),
(312, 33, 'Ogan Ilir'),
(313, 33, 'Ogan Komering Ilir'),
(314, 33, 'Ogan Komering Ulu'),
(315, 33, 'Ogan Komering Ulu Selatan'),
(316, 33, 'Ogan Komering Ulu Timur'),
(317, 11, 'Pacitan'),
(318, 32, 'Padang'),
(319, 34, 'Padang Lawas'),
(320, 34, 'Padang Lawas Utara'),
(321, 32, 'Padang Panjang'),
(322, 32, 'Padang Pariaman'),
(323, 34, 'Padang Sidempuan'),
(324, 33, 'Pagar Alam'),
(325, 34, 'Pakpak Bharat'),
(326, 14, 'Palangka Raya'),
(327, 33, 'Palembang'),
(328, 28, 'Palopo'),
(329, 29, 'Palu'),
(330, 11, 'Pamekasan'),
(331, 3, 'Pandeglang'),
(332, 9, 'Pangandaran'),
(333, 28, 'Pangkajene Kepulauan'),
(334, 2, 'Pangkal Pinang'),
(335, 24, 'Paniai'),
(336, 28, 'Parepare'),
(337, 32, 'Pariaman'),
(338, 29, 'Parigi Moutong'),
(339, 32, 'Pasaman'),
(340, 32, 'Pasaman Barat'),
(341, 15, 'Paser'),
(342, 11, 'Pasuruan'),
(343, 11, 'Pasuruan'),
(344, 10, 'Pati'),
(345, 32, 'Payakumbuh'),
(346, 25, 'Pegunungan Arfak'),
(347, 24, 'Pegunungan Bintang'),
(348, 10, 'Pekalongan'),
(349, 10, 'Pekalongan'),
(350, 26, 'Pekanbaru'),
(351, 26, 'Pelalawan'),
(352, 10, 'Pemalang'),
(353, 34, 'Pematang Siantar'),
(354, 15, 'Penajam Paser Utara'),
(355, 18, 'Pesawaran'),
(356, 18, 'Pesisir Barat'),
(357, 32, 'Pesisir Selatan'),
(358, 21, 'Pidie'),
(359, 21, 'Pidie Jaya'),
(360, 28, 'Pinrang'),
(361, 7, 'Pohuwato'),
(362, 27, 'Polewali Mandar'),
(363, 11, 'Ponorogo'),
(364, 12, 'Pontianak'),
(365, 12, 'Pontianak'),
(366, 29, 'Poso'),
(367, 33, 'Prabumulih'),
(368, 18, 'Pringsewu'),
(369, 11, 'Probolinggo'),
(370, 11, 'Probolinggo'),
(371, 14, 'Pulang Pisau'),
(372, 20, 'Pulau Morotai'),
(373, 24, 'Puncak'),
(374, 24, 'Puncak Jaya'),
(375, 10, 'Purbalingga'),
(376, 9, 'Purwakarta'),
(377, 10, 'Purworejo'),
(378, 25, 'Raja Ampat'),
(379, 4, 'Rejang Lebong'),
(380, 10, 'Rembang'),
(381, 26, 'Rokan Hilir'),
(382, 26, 'Rokan Hulu'),
(383, 23, 'Rote Ndao'),
(384, 21, 'Sabang'),
(385, 23, 'Sabu Raijua'),
(386, 10, 'Salatiga'),
(387, 15, 'Samarinda'),
(388, 12, 'Sambas'),
(389, 34, 'Samosir'),
(390, 11, 'Sampang'),
(391, 12, 'Sanggau'),
(392, 24, 'Sarmi'),
(393, 8, 'Sarolangun'),
(394, 32, 'Sawah Lunto'),
(395, 12, 'Sekadau'),
(396, 28, 'Selayar (Kepulauan Selayar)'),
(397, 4, 'Seluma'),
(398, 10, 'Semarang'),
(399, 10, 'Semarang'),
(400, 19, 'Seram Bagian Barat'),
(401, 19, 'Seram Bagian Timur'),
(402, 3, 'Serang'),
(403, 3, 'Serang'),
(404, 34, 'Serdang Bedagai'),
(405, 14, 'Seruyan'),
(406, 26, 'Siak'),
(407, 34, 'Sibolga'),
(408, 28, 'Sidenreng Rappang/Rapang'),
(409, 11, 'Sidoarjo'),
(410, 29, 'Sigi'),
(411, 32, 'Sijunjung (Sawah Lunto Sijunjung)'),
(412, 23, 'Sikka'),
(413, 34, 'Simalungun'),
(414, 21, 'Simeulue'),
(415, 12, 'Singkawang'),
(416, 28, 'Sinjai'),
(417, 12, 'Sintang'),
(418, 11, 'Situbondo'),
(419, 5, 'Sleman'),
(420, 32, 'Solok'),
(421, 32, 'Solok'),
(422, 32, 'Solok Selatan'),
(423, 28, 'Soppeng'),
(424, 25, 'Sorong'),
(425, 25, 'Sorong'),
(426, 25, 'Sorong Selatan'),
(427, 10, 'Sragen'),
(428, 9, 'Subang'),
(429, 21, 'Subulussalam'),
(430, 9, 'Sukabumi'),
(431, 9, 'Sukabumi'),
(432, 14, 'Sukamara'),
(433, 10, 'Sukoharjo'),
(434, 23, 'Sumba Barat'),
(435, 23, 'Sumba Barat Daya'),
(436, 23, 'Sumba Tengah'),
(437, 23, 'Sumba Timur'),
(438, 22, 'Sumbawa'),
(439, 22, 'Sumbawa Barat'),
(440, 9, 'Sumedang'),
(441, 11, 'Sumenep'),
(442, 8, 'Sungaipenuh'),
(443, 24, 'Supiori'),
(444, 11, 'Surabaya'),
(445, 10, 'Surakarta (Solo)'),
(446, 13, 'Tabalong'),
(447, 1, 'Tabanan'),
(448, 28, 'Takalar'),
(449, 25, 'Tambrauw'),
(450, 16, 'Tana Tidung'),
(451, 28, 'Tana Toraja'),
(452, 13, 'Tanah Bumbu'),
(453, 32, 'Tanah Datar'),
(454, 13, 'Tanah Laut'),
(455, 3, 'Tangerang'),
(456, 3, 'Tangerang'),
(457, 3, 'Tangerang Selatan'),
(458, 18, 'Tanggamus'),
(459, 34, 'Tanjung Balai'),
(460, 8, 'Tanjung Jabung Barat'),
(461, 8, 'Tanjung Jabung Timur'),
(462, 17, 'Tanjung Pinang'),
(463, 34, 'Tapanuli Selatan'),
(464, 34, 'Tapanuli Tengah'),
(465, 34, 'Tapanuli Utara'),
(466, 13, 'Tapin'),
(467, 16, 'Tarakan'),
(468, 9, 'Tasikmalaya'),
(469, 9, 'Tasikmalaya'),
(470, 34, 'Tebing Tinggi'),
(471, 8, 'Tebo'),
(472, 10, 'Tegal'),
(473, 10, 'Tegal'),
(474, 25, 'Teluk Bintuni'),
(475, 25, 'Teluk Wondama'),
(476, 10, 'Temanggung'),
(477, 20, 'Ternate'),
(478, 20, 'Tidore Kepulauan'),
(479, 23, 'Timor Tengah Selatan'),
(480, 23, 'Timor Tengah Utara'),
(481, 34, 'Toba Samosir'),
(482, 29, 'Tojo Una-Una'),
(483, 29, 'Toli-Toli'),
(484, 24, 'Tolikara'),
(485, 31, 'Tomohon'),
(486, 28, 'Toraja Utara'),
(487, 11, 'Trenggalek'),
(488, 19, 'Tual'),
(489, 11, 'Tuban'),
(490, 18, 'Tulang Bawang'),
(491, 18, 'Tulang Bawang Barat'),
(492, 11, 'Tulungagung'),
(493, 28, 'Wajo'),
(494, 30, 'Wakatobi'),
(495, 24, 'Waropen'),
(496, 18, 'Way Kanan'),
(497, 10, 'Wonogiri'),
(498, 10, 'Wonosobo'),
(499, 24, 'Yahukimo'),
(500, 24, 'Yalimo'),
(501, 5, 'Yogyakarta');

-- --------------------------------------------------------

--
-- Struktur dari tabel `tbl_merek`
--

CREATE TABLE `tbl_merek` (
  `id_merek` int(5) NOT NULL,
  `id_kategori` int(5) NOT NULL,
  `nama_merek` varchar(50) NOT NULL,
  `seo_merek` varchar(50) NOT NULL
) ENGINE=InnoDB DEFAULT CHARSET=latin1;

--
-- Dumping data untuk tabel `tbl_merek`
--

INSERT INTO `tbl_merek` (`id_merek`, `id_kategori`, `nama_merek`, `seo_merek`) VALUES
(50, 8, '-', ''),
(57, 9, '-', ''),
(58, 10, '-', '');

-- --------------------------------------------------------

--
-- Struktur dari tabel `tbl_orders`
--

CREATE TABLE `tbl_orders` (
  `id_order` varchar(20) NOT NULL,
  `status_ord` varchar(50) NOT NULL,
  `tgl_order` date NOT NULL,
  `jam_order` time NOT NULL,
  `id_customer` int(11) NOT NULL,
  `kurir` varchar(50) NOT NULL,
  `service` varchar(50) NOT NULL,
  `ongkir` int(11) NOT NULL,
  `total` int(11) NOT NULL,
  `expired` datetime NOT NULL,
  `id_prov` int(11) NOT NULL,
  `id_kota` int(11) NOT NULL,
  `kodepos` varchar(20) NOT NULL,
  `alamat_o` text NOT NULL,
  `nmpenerima` varchar(50) NOT NULL,
  `jmlberat` varchar(50) NOT NULL,
  `no_res` varchar(50) DEFAULT NULL
) ENGINE=InnoDB DEFAULT CHARSET=latin1;

-- --------------------------------------------------------

--
-- Struktur dari tabel `tbl_orders_detail`
--

CREATE TABLE `tbl_orders_detail` (
  `id_order` varchar(20) NOT NULL,
  `id_produk` int(11) NOT NULL,
  `jml` int(11) NOT NULL
) ENGINE=InnoDB DEFAULT CHARSET=latin1;

-- --------------------------------------------------------

--
-- Struktur dari tabel `tbl_produk`
--

CREATE TABLE `tbl_produk` (
  `id_produk` int(5) NOT NULL,
  `kd_produk` varchar(20) NOT NULL,
  `id_kategori` int(5) NOT NULL,
  `id_merek` int(5) NOT NULL,
  `judul` varchar(50) NOT NULL,
  `berat` varchar(20) NOT NULL,
  `deskripsi` text NOT NULL,
  `harga_lama` int(20) DEFAULT NULL,
  `harga` int(11) NOT NULL,
  `harga_grosir` varchar(50) NOT NULL,
  `foto` text NOT NULL,
  `foto1` text DEFAULT NULL,
  `foto2` text DEFAULT NULL,
  `foto3` text DEFAULT NULL,
  `foto4` text DEFAULT NULL,
  `status` enum('Y','T') NOT NULL,
  `jenis` varchar(50) DEFAULT NULL,
  `stok` varchar(191) DEFAULT NULL,
  `terjual` int(11) DEFAULT NULL,
  `judul_seo` varchar(100) NOT NULL,
  `tglinput` date NOT NULL
) ENGINE=InnoDB DEFAULT CHARSET=latin1;

--
-- Dumping data untuk tabel `tbl_produk`
--

INSERT INTO `tbl_produk` (`id_produk`, `kd_produk`, `id_kategori`, `id_merek`, `judul`, `berat`, `deskripsi`, `harga_lama`, `harga`, `harga_grosir`, `foto`, `foto1`, `foto2`, `foto3`, `foto4`, `status`, `jenis`, `stok`, `terjual`, `judul_seo`, `tglinput`) VALUES
(81, '656565656', 9, 50, 'lklkl', '1', '<p>gjghjkh<br></p>', 25000, 22000, '20000', '202006041226436deb6165b9620a9f18799ba9d0064eb0.jpg', '', '', '', '', 'Y', 'Baru', '100', NULL, 'lklkl', '2020-06-04');

-- --------------------------------------------------------

--
-- Struktur dari tabel `tbl_provinsi`
--

CREATE TABLE `tbl_provinsi` (
  `id_prov` int(11) NOT NULL,
  `nama_prov` varchar(100) NOT NULL
) ENGINE=InnoDB DEFAULT CHARSET=latin1;

--
-- Dumping data untuk tabel `tbl_provinsi`
--

INSERT INTO `tbl_provinsi` (`id_prov`, `nama_prov`) VALUES
(1, 'Bali'),
(2, 'Bangka Belitung'),
(3, 'Banten'),
(4, 'Bengkulu'),
(5, 'DI Yogyakarta'),
(6, 'DKI Jakarta'),
(7, 'Gorontalo'),
(8, 'Jambi'),
(9, 'Jawa Barat'),
(10, 'Jawa Tengah'),
(11, 'Jawa Timur'),
(12, 'Kalimantan Barat'),
(13, 'Kalimantan Selatan'),
(14, 'Kalimantan Tengah'),
(15, 'Kalimantan Timur'),
(16, 'Kalimantan Utara'),
(17, 'Kepulauan Riau'),
(18, 'Lampung'),
(19, 'Maluku'),
(20, 'Maluku Utara'),
(21, 'Nanggroe Aceh Darussalam (NAD)'),
(22, 'Nusa Tenggara Barat (NTB)'),
(23, 'Nusa Tenggara Timur (NTT)'),
(24, 'Papua'),
(25, 'Papua Barat'),
(26, 'Riau'),
(27, 'Sulawesi Barat'),
(28, 'Sulawesi Selatan'),
(29, 'Sulawesi Tengah'),
(30, 'Sulawesi Tenggara'),
(31, 'Sulawesi Utara'),
(32, 'Sumatera Barat'),
(33, 'Sumatera Selatan'),
(34, 'Sumatera Utara');

-- --------------------------------------------------------

--
-- Struktur dari tabel `tbl_slide`
--

CREATE TABLE `tbl_slide` (
  `id_slide` int(11) NOT NULL,
  `gambar_1` text NOT NULL,
  `gambar_2` text NOT NULL,
  `gambar_3` text NOT NULL,
  `logo_1` text NOT NULL,
  `logo_2` text NOT NULL,
  `logo_3` text NOT NULL,
  `nama` varchar(50) NOT NULL,
  `harga` int(20) NOT NULL,
  `nama_1` varchar(50) NOT NULL,
  `nama_2` varchar(50) NOT NULL,
  `harga_1` int(20) NOT NULL,
  `harga_2` int(20) NOT NULL
) ENGINE=InnoDB DEFAULT CHARSET=latin1;

--
-- Dumping data untuk tabel `tbl_slide`
--

INSERT INTO `tbl_slide` (`id_slide`, `gambar_1`, `gambar_2`, `gambar_3`, `logo_1`, `logo_2`, `logo_3`, `nama`, `harga`, `nama_1`, `nama_2`, `harga_1`, `harga_2`) VALUES
(1, '202004270010484B512655-0236-4E74-BB14-8454CCD84C46.jpeg', '202004270010487EED3481-5CC2-4563-944B-BDB1F07DA234.jpeg', '202004270010483BB0603F-6B00-41B9-AA62-81FF6AA73358.jpeg', '20181015151716giant-apple-logo-bw.png', '20180808142856samsung_logo.png', '20200219231530WhatsApp Image 2020-01-30 at 08.05.51.jpeg', 'iPhone 7 128GB  Second ORIGINAL 100%', 6099000, 'Samsung Galaxy Note8 Second ORIGINAL 100%', 'iPhone 7 Plus 128GB Second ORIGINAL 100%', 8499000, 8499000);

-- --------------------------------------------------------

--
-- Struktur dari tabel `tbl_status_orders`
--

CREATE TABLE `tbl_status_orders` (
  `id_status` int(11) NOT NULL,
  `id_order` varchar(20) NOT NULL,
  `status_order` varchar(50) NOT NULL,
  `tgl_status` datetime NOT NULL
) ENGINE=InnoDB DEFAULT CHARSET=latin1;

-- --------------------------------------------------------

--
-- Struktur dari tabel `tbl_testimonial`
--

CREATE TABLE `tbl_testimonial` (
  `id_testi` int(10) NOT NULL,
  `id_customer` int(10) NOT NULL,
  `isi_testi` text NOT NULL,
  `tgl_testi` datetime NOT NULL
) ENGINE=InnoDB DEFAULT CHARSET=latin1;

-- --------------------------------------------------------

--
-- Struktur dari tabel `tb_barang`
--

CREATE TABLE `tb_barang` (
  `kode_barang` varchar(20) NOT NULL,
  `nama_barang` varchar(100) NOT NULL,
  `satuan` varchar(50) NOT NULL,
  `harga_jual` int(11) NOT NULL,
  `harga_beli` int(11) NOT NULL,
  `stok_awal` varchar(15) NOT NULL,
  `stok_terjual` varchar(15) NOT NULL,
  `stok_sisa` int(11) NOT NULL,
  `tanggal` date NOT NULL,
  `idkat` varchar(20) NOT NULL,
  `idsup` int(11) NOT NULL,
  `hpp` int(11) NOT NULL,
  `id_merek` int(11) NOT NULL
) ENGINE=InnoDB DEFAULT CHARSET=latin1;

-- --------------------------------------------------------

--
-- Struktur dari tabel `tb_level`
--

CREATE TABLE `tb_level` (
  `id_level` int(11) NOT NULL,
  `kode_barang` varchar(50) NOT NULL,
  `dari` int(11) NOT NULL,
  `sampai` int(11) NOT NULL,
  `hrg` int(11) NOT NULL
) ENGINE=InnoDB DEFAULT CHARSET=latin1;

-- --------------------------------------------------------

--
-- Struktur dari tabel `tb_member`
--

CREATE TABLE `tb_member` (
  `id_member` varchar(20) NOT NULL,
  `nm` varchar(35) NOT NULL,
  `jk` varchar(10) NOT NULL,
  `notelp` varchar(14) NOT NULL,
  `almt` text NOT NULL,
  `tgl_daftar` date NOT NULL,
  `tgl_diperbarui` date NOT NULL
) ENGINE=InnoDB DEFAULT CHARSET=latin1;

--
-- Dumping data untuk tabel `tb_member`
--

INSERT INTO `tb_member` (`id_member`, `nm`, `jk`, `notelp`, `almt`, `tgl_daftar`, `tgl_diperbarui`) VALUES
('1806050001', 'nama', 'Laki-laki', 'almt', '08x', '2018-05-04', '2019-05-09');

-- --------------------------------------------------------

--
-- Struktur dari tabel `tb_pengaturan`
--

CREATE TABLE `tb_pengaturan` (
  `id_pengaturan` int(11) NOT NULL,
  `nama_pengaturan` varchar(225) NOT NULL,
  `nilai` varchar(225) NOT NULL,
  `tipe_data` enum('Angka','Karakter','Tanggal','Waktu dan Tanggal') NOT NULL,
  `keterangan` varchar(255) NOT NULL
) ENGINE=InnoDB DEFAULT CHARSET=utf8mb4;

--
-- Dumping data untuk tabel `tb_pengaturan`
--

INSERT INTO `tb_pengaturan` (`id_pengaturan`, `nama_pengaturan`, `nilai`, `tipe_data`, `keterangan`) VALUES
(1, 'mode_maintenance', '0', 'Angka', ''),
(2, 'tgl_mulai_maintenance', '2020-04-30T03:55', 'Waktu dan Tanggal', ''),
(3, 'tgl_akhir_maintenance', '2020-04-30T10:00', 'Waktu dan Tanggal', '');

-- --------------------------------------------------------

--
-- Struktur dari tabel `tb_penjualan`
--

CREATE TABLE `tb_penjualan` (
  `no_nota` varchar(20) NOT NULL,
  `tgl_jual` datetime NOT NULL,
  `jns` varchar(15) NOT NULL,
  `jto` date NOT NULL,
  `pelanggan` varchar(100) NOT NULL,
  `kasir` varchar(100) NOT NULL,
  `sub_total` int(11) NOT NULL,
  `diskon_persen` int(11) NOT NULL,
  `diskon_total` int(11) NOT NULL,
  `total_harga` int(11) NOT NULL,
  `bayar` int(11) NOT NULL,
  `kembali` int(11) NOT NULL,
  `id_user` int(11) NOT NULL,
  `id_sales` int(11) NOT NULL,
  `status_brg` varchar(50) NOT NULL
) ENGINE=InnoDB DEFAULT CHARSET=latin1;

-- --------------------------------------------------------

--
-- Struktur dari tabel `tb_user`
--

CREATE TABLE `tb_user` (
  `kode_user` int(11) NOT NULL,
  `username` varchar(40) NOT NULL,
  `password` varchar(40) NOT NULL,
  `pass` varchar(40) NOT NULL,
  `nama_lengkap` varchar(100) NOT NULL,
  `jenis_kelamin` enum('Laki-laki','Perempuan') NOT NULL,
  `alamat` longtext NOT NULL,
  `no_telepon` varchar(15) NOT NULL,
  `keterangan` longtext NOT NULL,
  `level` varchar(10) NOT NULL
) ENGINE=InnoDB DEFAULT CHARSET=latin1;

--
-- Dumping data untuk tabel `tb_user`
--

INSERT INTO `tb_user` (`kode_user`, `username`, `password`, `pass`, `nama_lengkap`, `jenis_kelamin`, `alamat`, `no_telepon`, `keterangan`, `level`) VALUES
(1, 'admin', '21232f297a57a5a743894a0e4a801fc3', 'admin', 'Admin', 'Laki-laki', 'Jl. ABC', '080000000000', 'Keterangan', 'admin'),
(8, 'gusti', 'f60e63b604887c81bdfd5388f58c961b', 'gusti02', 'Gusti', 'Perempuan', 'Jl. Alanglaweh', '08082283120825', 'Kasir Sumbar Smartphone\n', 'kasir'),
(9, 'deltritumbin', '65dcdc8793912367561a2b6b801645da', 'virion091', 'Bos Sumbar Smartphone', 'Laki-laki', 'Jl. Cendana Mata Air Tahap 6 Blok EE 26 Padang Selatan', '085365889623', 'Owner\n', 'admin'),
(10, 'dede', '2b31e130b6015a529444aa2fc3139b08', 'sumbar2512', 'Manager Dede', 'Laki-laki', 'Kubu Tanjung', '08156465456', 'fadawda', 'admin'),
(11, 'omesyourbae', 'befe9f8a14346e3e52c762f333395796', 'qawsed', 'Raja Terakhir', 'Laki-laki', 'Negeri Para Bedebah', '081270907795', 'Level is just a number !', 'admin');

--
-- Indexes for dumped tables
--

--
-- Indeks untuk tabel `diskon`
--
ALTER TABLE `diskon`
  ADD PRIMARY KEY (`id`);

--
-- Indeks untuk tabel `kategori`
--
ALTER TABLE `kategori`
  ADD PRIMARY KEY (`idkat`);

--
-- Indeks untuk tabel `tbl_admin`
--
ALTER TABLE `tbl_admin`
  ADD PRIMARY KEY (`kd_admin`);

--
-- Indeks untuk tabel `tbl_alamat`
--
ALTER TABLE `tbl_alamat`
  ADD PRIMARY KEY (`id_alamat`);

--
-- Indeks untuk tabel `tbl_bank`
--
ALTER TABLE `tbl_bank`
  ADD PRIMARY KEY (`id_bank`);

--
-- Indeks untuk tabel `tbl_customer`
--
ALTER TABLE `tbl_customer`
  ADD PRIMARY KEY (`id_customer`);

--
-- Indeks untuk tabel `tbl_data`
--
ALTER TABLE `tbl_data`
  ADD PRIMARY KEY (`id_data`);

--
-- Indeks untuk tabel `tbl_faq`
--
ALTER TABLE `tbl_faq`
  ADD PRIMARY KEY (`id_faq`);

--
-- Indeks untuk tabel `tbl_garansi`
--
ALTER TABLE `tbl_garansi`
  ADD PRIMARY KEY (`id_garansi`);

--
-- Indeks untuk tabel `tbl_kategori`
--
ALTER TABLE `tbl_kategori`
  ADD PRIMARY KEY (`id_kategori`);

--
-- Indeks untuk tabel `tbl_keranjang`
--
ALTER TABLE `tbl_keranjang`
  ADD PRIMARY KEY (`id_keranjang`);

--
-- Indeks untuk tabel `tbl_konfirmasi_bayar`
--
ALTER TABLE `tbl_konfirmasi_bayar`
  ADD PRIMARY KEY (`id_konfirmasi`);

--
-- Indeks untuk tabel `tbl_kontak`
--
ALTER TABLE `tbl_kontak`
  ADD PRIMARY KEY (`id_kontak`);

--
-- Indeks untuk tabel `tbl_kota`
--
ALTER TABLE `tbl_kota`
  ADD PRIMARY KEY (`id_kota`);

--
-- Indeks untuk tabel `tbl_merek`
--
ALTER TABLE `tbl_merek`
  ADD PRIMARY KEY (`id_merek`);

--
-- Indeks untuk tabel `tbl_orders`
--
ALTER TABLE `tbl_orders`
  ADD PRIMARY KEY (`id_order`);

--
-- Indeks untuk tabel `tbl_produk`
--
ALTER TABLE `tbl_produk`
  ADD PRIMARY KEY (`id_produk`);

--
-- Indeks untuk tabel `tbl_provinsi`
--
ALTER TABLE `tbl_provinsi`
  ADD PRIMARY KEY (`id_prov`);

--
-- Indeks untuk tabel `tbl_slide`
--
ALTER TABLE `tbl_slide`
  ADD PRIMARY KEY (`id_slide`);

--
-- Indeks untuk tabel `tbl_status_orders`
--
ALTER TABLE `tbl_status_orders`
  ADD PRIMARY KEY (`id_status`);

--
-- Indeks untuk tabel `tbl_testimonial`
--
ALTER TABLE `tbl_testimonial`
  ADD PRIMARY KEY (`id_testi`);

--
-- Indeks untuk tabel `tb_barang`
--
ALTER TABLE `tb_barang`
  ADD PRIMARY KEY (`kode_barang`);

--
-- Indeks untuk tabel `tb_level`
--
ALTER TABLE `tb_level`
  ADD PRIMARY KEY (`id_level`);

--
-- Indeks untuk tabel `tb_member`
--
ALTER TABLE `tb_member`
  ADD PRIMARY KEY (`id_member`);

--
-- Indeks untuk tabel `tb_pengaturan`
--
ALTER TABLE `tb_pengaturan`
  ADD PRIMARY KEY (`id_pengaturan`);

--
-- Indeks untuk tabel `tb_penjualan`
--
ALTER TABLE `tb_penjualan`
  ADD PRIMARY KEY (`no_nota`);

--
-- Indeks untuk tabel `tb_user`
--
ALTER TABLE `tb_user`
  ADD PRIMARY KEY (`kode_user`);

--
-- AUTO_INCREMENT untuk tabel yang dibuang
--

--
-- AUTO_INCREMENT untuk tabel `diskon`
--
ALTER TABLE `diskon`
  MODIFY `id` int(11) NOT NULL AUTO_INCREMENT;

--
-- AUTO_INCREMENT untuk tabel `tbl_admin`
--
ALTER TABLE `tbl_admin`
  MODIFY `kd_admin` int(11) NOT NULL AUTO_INCREMENT, AUTO_INCREMENT=18;

--
-- AUTO_INCREMENT untuk tabel `tbl_alamat`
--
ALTER TABLE `tbl_alamat`
  MODIFY `id_alamat` int(11) NOT NULL AUTO_INCREMENT, AUTO_INCREMENT=33;

--
-- AUTO_INCREMENT untuk tabel `tbl_bank`
--
ALTER TABLE `tbl_bank`
  MODIFY `id_bank` int(11) NOT NULL AUTO_INCREMENT, AUTO_INCREMENT=4;

--
-- AUTO_INCREMENT untuk tabel `tbl_customer`
--
ALTER TABLE `tbl_customer`
  MODIFY `id_customer` int(11) NOT NULL AUTO_INCREMENT, AUTO_INCREMENT=2;

--
-- AUTO_INCREMENT untuk tabel `tbl_data`
--
ALTER TABLE `tbl_data`
  MODIFY `id_data` int(11) NOT NULL AUTO_INCREMENT;

--
-- AUTO_INCREMENT untuk tabel `tbl_faq`
--
ALTER TABLE `tbl_faq`
  MODIFY `id_faq` int(10) NOT NULL AUTO_INCREMENT, AUTO_INCREMENT=3;

--
-- AUTO_INCREMENT untuk tabel `tbl_garansi`
--
ALTER TABLE `tbl_garansi`
  MODIFY `id_garansi` int(10) NOT NULL AUTO_INCREMENT;

--
-- AUTO_INCREMENT untuk tabel `tbl_kategori`
--
ALTER TABLE `tbl_kategori`
  MODIFY `id_kategori` int(5) NOT NULL AUTO_INCREMENT, AUTO_INCREMENT=15;

--
-- AUTO_INCREMENT untuk tabel `tbl_keranjang`
--
ALTER TABLE `tbl_keranjang`
  MODIFY `id_keranjang` int(11) NOT NULL AUTO_INCREMENT, AUTO_INCREMENT=6;

--
-- AUTO_INCREMENT untuk tabel `tbl_konfirmasi_bayar`
--
ALTER TABLE `tbl_konfirmasi_bayar`
  MODIFY `id_konfirmasi` int(11) NOT NULL AUTO_INCREMENT;

--
-- AUTO_INCREMENT untuk tabel `tbl_kontak`
--
ALTER TABLE `tbl_kontak`
  MODIFY `id_kontak` int(10) NOT NULL AUTO_INCREMENT, AUTO_INCREMENT=26;

--
-- AUTO_INCREMENT untuk tabel `tbl_kota`
--
ALTER TABLE `tbl_kota`
  MODIFY `id_kota` int(11) NOT NULL AUTO_INCREMENT, AUTO_INCREMENT=502;

--
-- AUTO_INCREMENT untuk tabel `tbl_merek`
--
ALTER TABLE `tbl_merek`
  MODIFY `id_merek` int(5) NOT NULL AUTO_INCREMENT, AUTO_INCREMENT=60;

--
-- AUTO_INCREMENT untuk tabel `tbl_produk`
--
ALTER TABLE `tbl_produk`
  MODIFY `id_produk` int(5) NOT NULL AUTO_INCREMENT, AUTO_INCREMENT=82;

--
-- AUTO_INCREMENT untuk tabel `tbl_provinsi`
--
ALTER TABLE `tbl_provinsi`
  MODIFY `id_prov` int(11) NOT NULL AUTO_INCREMENT, AUTO_INCREMENT=35;

--
-- AUTO_INCREMENT untuk tabel `tbl_slide`
--
ALTER TABLE `tbl_slide`
  MODIFY `id_slide` int(11) NOT NULL AUTO_INCREMENT, AUTO_INCREMENT=2;

--
-- AUTO_INCREMENT untuk tabel `tbl_status_orders`
--
ALTER TABLE `tbl_status_orders`
  MODIFY `id_status` int(11) NOT NULL AUTO_INCREMENT;

--
-- AUTO_INCREMENT untuk tabel `tbl_testimonial`
--
ALTER TABLE `tbl_testimonial`
  MODIFY `id_testi` int(10) NOT NULL AUTO_INCREMENT;

--
-- AUTO_INCREMENT untuk tabel `tb_level`
--
ALTER TABLE `tb_level`
  MODIFY `id_level` int(11) NOT NULL AUTO_INCREMENT;

--
-- AUTO_INCREMENT untuk tabel `tb_pengaturan`
--
ALTER TABLE `tb_pengaturan`
  MODIFY `id_pengaturan` int(11) NOT NULL AUTO_INCREMENT, AUTO_INCREMENT=4;

--
-- AUTO_INCREMENT untuk tabel `tb_user`
--
ALTER TABLE `tb_user`
  MODIFY `kode_user` int(11) NOT NULL AUTO_INCREMENT, AUTO_INCREMENT=12;
COMMIT;

/*!40101 SET CHARACTER_SET_CLIENT=@OLD_CHARACTER_SET_CLIENT */;
/*!40101 SET CHARACTER_SET_RESULTS=@OLD_CHARACTER_SET_RESULTS */;
/*!40101 SET COLLATION_CONNECTION=@OLD_COLLATION_CONNECTION */;
